promotion_id,promo_id_fk
PROMO-0039-0001,PROMO-0039
PROMO-0029-0002,PROMO-0029
PROMO-0015-0003,PROMO-0015
PROMO-0043-0004,PROMO-0043
PROMO-0008-0005,PROMO-0008
PROMO-0021-0006,PROMO-0021
PROMO-0039-0007,PROMO-0039
PROMO-0019-0008,PROMO-0019
PROMO-0023-0009,PROMO-0023
PROMO-0011-0010,PROMO-0011
PROMO-0011-0011,PROMO-0011
PROMO-0024-0012,PROMO-0024
PROMO-0036-0013,PROMO-0036
PROMO-0040-0014,PROMO-0040
PROMO-0024-0015,PROMO-0024
PROMO-0003-0016,PROMO-0003
PROMO-0022-0017,PROMO-0022
PROMO-0002-0018,PROMO-0002
PROMO-0024-0019,PROMO-0024
PROMO-0044-0020,PROMO-0044
PROMO-0030-0021,PROMO-0030
PROMO-0038-0022,PROMO-0038
PROMO-0002-0023,PROMO-0002
PROMO-0021-0024,PROMO-0021
PROMO-0033-0025,PROMO-0033
PROMO-0012-0026,PROMO-0012
PROMO-0022-0027,PROMO-0022
PROMO-0044-0028,PROMO-0044
PROMO-0025-0029,PROMO-0025
PROMO-0049-0030,PROMO-0049
PROMO-0027-0031,PROMO-0027
PROMO-0042-0032,PROMO-0042
PROMO-0028-0033,PROMO-0028
PROMO-0016-0034,PROMO-0016
PROMO-0015-0035,PROMO-0015
PROMO-0047-0036,PROMO-0047
PROMO-0044-0037,PROMO-0044
PROMO-0003-0038,PROMO-0003
PROMO-0037-0039,PROMO-0037
PROMO-0007-0040,PROMO-0007
PROMO-0021-0041,PROMO-0021
PROMO-0009-0042,PROMO-0009
PROMO-0039-0043,PROMO-0039
PROMO-0018-0044,PROMO-0018
PROMO-0004-0045,PROMO-0004
PROMO-0025-0046,PROMO-0025
PROMO-0014-0047,PROMO-0014
PROMO-0050-0048,PROMO-0050
PROMO-0009-0049,PROMO-0009
PROMO-0026-0050,PROMO-0026
PROMO-0002-0051,PROMO-0002
PROMO-0020-0052,PROMO-0020
PROMO-0028-0053,PROMO-0028
PROMO-0047-0054,PROMO-0047
PROMO-0007-0055,PROMO-0007
PROMO-0044-0056,PROMO-0044
PROMO-0008-0057,PROMO-0008
PROMO-0047-0058,PROMO-0047
PROMO-0035-0059,PROMO-0035
PROMO-0014-0060,PROMO-0014
PROMO-0017-0061,PROMO-0017
PROMO-0036-0062,PROMO-0036
PROMO-0050-0063,PROMO-0050
PROMO-0040-0064,PROMO-0040
PROMO-0004-0065,PROMO-0004
PROMO-0002-0066,PROMO-0002
PROMO-0006-0067,PROMO-0006
PROMO-0042-0068,PROMO-0042
PROMO-0004-0069,PROMO-0004
PROMO-0029-0070,PROMO-0029
PROMO-0018-0071,PROMO-0018
PROMO-0026-0072,PROMO-0026
PROMO-0044-0073,PROMO-0044
PROMO-0034-0074,PROMO-0034
PROMO-0010-0075,PROMO-0010
PROMO-0036-0076,PROMO-0036
PROMO-0014-0077,PROMO-0014
PROMO-0031-0078,PROMO-0031
PROMO-0048-0079,PROMO-0048
PROMO-0015-0080,PROMO-0015
PROMO-0008-0081,PROMO-0008
PROMO-0014-0082,PROMO-0014
PROMO-0023-0083,PROMO-0023
PROMO-0040-0084,PROMO-0040
PROMO-0021-0085,PROMO-0021
PROMO-0016-0086,PROMO-0016
PROMO-0045-0087,PROMO-0045
PROMO-0018-0088,PROMO-0018
PROMO-0047-0089,PROMO-0047
PROMO-0024-0090,PROMO-0024
PROMO-0026-0091,PROMO-0026
PROMO-0025-0092,PROMO-0025
PROMO-0045-0093,PROMO-0045
PROMO-0041-0094,PROMO-0041
PROMO-0029-0095,PROMO-0029
PROMO-0015-0096,PROMO-0015
PROMO-0045-0097,PROMO-0045
PROMO-0001-0098,PROMO-0001
PROMO-0025-0099,PROMO-0025
PROMO-0007-0100,PROMO-0007
PROMO-0009-0101,PROMO-0009
PROMO-0024-0102,PROMO-0024
PROMO-0001-0103,PROMO-0001
PROMO-0044-0104,PROMO-0044
PROMO-0008-0105,PROMO-0008
PROMO-0024-0106,PROMO-0024
PROMO-0011-0107,PROMO-0011
PROMO-0017-0108,PROMO-0017
PROMO-0008-0109,PROMO-0008
PROMO-0035-0110,PROMO-0035
PROMO-0035-0111,PROMO-0035
PROMO-0033-0112,PROMO-0033
PROMO-0005-0113,PROMO-0005
PROMO-0042-0114,PROMO-0042
PROMO-0039-0115,PROMO-0039
PROMO-0041-0116,PROMO-0041
PROMO-0028-0117,PROMO-0028
PROMO-0007-0118,PROMO-0007
PROMO-0009-0119,PROMO-0009
PROMO-0008-0120,PROMO-0008
PROMO-0012-0121,PROMO-0012
PROMO-0034-0122,PROMO-0034
PROMO-0033-0123,PROMO-0033
PROMO-0048-0124,PROMO-0048
PROMO-0023-0125,PROMO-0023
PROMO-0024-0126,PROMO-0024
PROMO-0037-0127,PROMO-0037
PROMO-0035-0128,PROMO-0035
PROMO-0044-0129,PROMO-0044
PROMO-0040-0130,PROMO-0040
PROMO-0022-0131,PROMO-0022
PROMO-0027-0132,PROMO-0027
PROMO-0035-0133,PROMO-0035
PROMO-0001-0134,PROMO-0001
PROMO-0035-0135,PROMO-0035
PROMO-0037-0136,PROMO-0037
PROMO-0047-0137,PROMO-0047
PROMO-0014-0138,PROMO-0014
PROMO-0003-0139,PROMO-0003
PROMO-0001-0140,PROMO-0001
PROMO-0005-0141,PROMO-0005
PROMO-0026-0142,PROMO-0026
PROMO-0014-0143,PROMO-0014
PROMO-0039-0144,PROMO-0039
PROMO-0027-0145,PROMO-0027
PROMO-0009-0146,PROMO-0009
PROMO-0015-0147,PROMO-0015
PROMO-0015-0148,PROMO-0015
PROMO-0026-0149,PROMO-0026
PROMO-0042-0150,PROMO-0042
PROMO-0013-0151,PROMO-0013
PROMO-0032-0152,PROMO-0032
PROMO-0039-0153,PROMO-0039
PROMO-0049-0154,PROMO-0049
PROMO-0032-0155,PROMO-0032
PROMO-0004-0156,PROMO-0004
PROMO-0030-0157,PROMO-0030
PROMO-0037-0158,PROMO-0037
PROMO-0023-0159,PROMO-0023
PROMO-0039-0160,PROMO-0039
PROMO-0045-0161,PROMO-0045
PROMO-0015-0162,PROMO-0015
PROMO-0043-0163,PROMO-0043
PROMO-0029-0164,PROMO-0029
PROMO-0036-0165,PROMO-0036
PROMO-0013-0166,PROMO-0013
PROMO-0032-0167,PROMO-0032
PROMO-0007-0168,PROMO-0007
PROMO-0022-0169,PROMO-0022
PROMO-0028-0170,PROMO-0028
PROMO-0002-0171,PROMO-0002
PROMO-0042-0172,PROMO-0042
PROMO-0045-0173,PROMO-0045
PROMO-0006-0174,PROMO-0006
PROMO-0028-0175,PROMO-0028
PROMO-0028-0176,PROMO-0028
PROMO-0044-0177,PROMO-0044
PROMO-0044-0178,PROMO-0044
PROMO-0020-0179,PROMO-0020
PROMO-0030-0180,PROMO-0030
PROMO-0011-0181,PROMO-0011
PROMO-0028-0182,PROMO-0028
PROMO-0025-0183,PROMO-0025
PROMO-0039-0184,PROMO-0039
PROMO-0033-0185,PROMO-0033
PROMO-0001-0186,PROMO-0001
PROMO-0027-0187,PROMO-0027
PROMO-0013-0188,PROMO-0013
PROMO-0041-0189,PROMO-0041
PROMO-0003-0190,PROMO-0003
PROMO-0039-0191,PROMO-0039
PROMO-0006-0192,PROMO-0006
PROMO-0008-0193,PROMO-0008
PROMO-0027-0194,PROMO-0027
PROMO-0009-0195,PROMO-0009
PROMO-0037-0196,PROMO-0037
PROMO-0033-0197,PROMO-0033
PROMO-0042-0198,PROMO-0042
PROMO-0044-0199,PROMO-0044
PROMO-0024-0200,PROMO-0024
PROMO-0015-0201,PROMO-0015
PROMO-0032-0202,PROMO-0032
PROMO-0032-0203,PROMO-0032
PROMO-0024-0204,PROMO-0024
PROMO-0041-0205,PROMO-0041
PROMO-0049-0206,PROMO-0049
PROMO-0049-0207,PROMO-0049
PROMO-0012-0208,PROMO-0012
PROMO-0039-0209,PROMO-0039
PROMO-0002-0210,PROMO-0002
PROMO-0003-0211,PROMO-0003
PROMO-0049-0212,PROMO-0049
PROMO-0037-0213,PROMO-0037
PROMO-0049-0214,PROMO-0049
PROMO-0017-0215,PROMO-0017
PROMO-0049-0216,PROMO-0049
PROMO-0002-0217,PROMO-0002
PROMO-0002-0218,PROMO-0002
PROMO-0028-0219,PROMO-0028
PROMO-0023-0220,PROMO-0023
PROMO-0037-0221,PROMO-0037
PROMO-0032-0222,PROMO-0032
PROMO-0033-0223,PROMO-0033
PROMO-0001-0224,PROMO-0001
PROMO-0019-0225,PROMO-0019
PROMO-0002-0226,PROMO-0002
PROMO-0044-0227,PROMO-0044
PROMO-0026-0228,PROMO-0026
PROMO-0032-0229,PROMO-0032
PROMO-0006-0230,PROMO-0006
PROMO-0032-0231,PROMO-0032
PROMO-0004-0232,PROMO-0004
PROMO-0011-0233,PROMO-0011
PROMO-0017-0234,PROMO-0017
PROMO-0038-0235,PROMO-0038
PROMO-0024-0236,PROMO-0024
PROMO-0005-0237,PROMO-0005
PROMO-0034-0238,PROMO-0034
PROMO-0006-0239,PROMO-0006
PROMO-0022-0240,PROMO-0022
PROMO-0011-0241,PROMO-0011
PROMO-0048-0242,PROMO-0048
PROMO-0016-0243,PROMO-0016
PROMO-0033-0244,PROMO-0033
PROMO-0009-0245,PROMO-0009
PROMO-0006-0246,PROMO-0006
PROMO-0016-0247,PROMO-0016
PROMO-0029-0248,PROMO-0029
PROMO-0003-0249,PROMO-0003
PROMO-0020-0250,PROMO-0020
PROMO-0036-0251,PROMO-0036
PROMO-0019-0252,PROMO-0019
PROMO-0026-0253,PROMO-0026
PROMO-0003-0254,PROMO-0003
PROMO-0019-0255,PROMO-0019
PROMO-0020-0256,PROMO-0020
PROMO-0032-0257,PROMO-0032
PROMO-0007-0258,PROMO-0007
PROMO-0041-0259,PROMO-0041
PROMO-0033-0260,PROMO-0033
PROMO-0040-0261,PROMO-0040
PROMO-0039-0262,PROMO-0039
PROMO-0018-0263,PROMO-0018
PROMO-0040-0264,PROMO-0040
PROMO-0001-0265,PROMO-0001
PROMO-0011-0266,PROMO-0011
PROMO-0028-0267,PROMO-0028
PROMO-0025-0268,PROMO-0025
PROMO-0050-0269,PROMO-0050
PROMO-0023-0270,PROMO-0023
PROMO-0031-0271,PROMO-0031
PROMO-0030-0272,PROMO-0030
PROMO-0042-0273,PROMO-0042
PROMO-0035-0274,PROMO-0035
PROMO-0007-0275,PROMO-0007
PROMO-0016-0276,PROMO-0016
PROMO-0026-0277,PROMO-0026
PROMO-0048-0278,PROMO-0048
PROMO-0049-0279,PROMO-0049
PROMO-0002-0280,PROMO-0002
PROMO-0001-0281,PROMO-0001
PROMO-0048-0282,PROMO-0048
PROMO-0012-0283,PROMO-0012
PROMO-0005-0284,PROMO-0005
PROMO-0037-0285,PROMO-0037
PROMO-0032-0286,PROMO-0032
PROMO-0009-0287,PROMO-0009
PROMO-0041-0288,PROMO-0041
PROMO-0035-0289,PROMO-0035
PROMO-0019-0290,PROMO-0019
PROMO-0048-0291,PROMO-0048
PROMO-0016-0292,PROMO-0016
PROMO-0003-0293,PROMO-0003
PROMO-0020-0294,PROMO-0020
PROMO-0024-0295,PROMO-0024
PROMO-0033-0296,PROMO-0033
PROMO-0024-0297,PROMO-0024
PROMO-0011-0298,PROMO-0011
PROMO-0049-0299,PROMO-0049
PROMO-0008-0300,PROMO-0008
PROMO-0036-0301,PROMO-0036
PROMO-0038-0302,PROMO-0038
PROMO-0040-0303,PROMO-0040
PROMO-0020-0304,PROMO-0020
PROMO-0035-0305,PROMO-0035
PROMO-0048-0306,PROMO-0048
PROMO-0025-0307,PROMO-0025
PROMO-0035-0308,PROMO-0035
PROMO-0025-0309,PROMO-0025
PROMO-0029-0310,PROMO-0029
PROMO-0018-0311,PROMO-0018
PROMO-0046-0312,PROMO-0046
PROMO-0018-0313,PROMO-0018
PROMO-0002-0314,PROMO-0002
PROMO-0035-0315,PROMO-0035
PROMO-0016-0316,PROMO-0016
PROMO-0041-0317,PROMO-0041
PROMO-0036-0318,PROMO-0036
PROMO-0033-0319,PROMO-0033
PROMO-0004-0320,PROMO-0004
PROMO-0033-0321,PROMO-0033
PROMO-0014-0322,PROMO-0014
PROMO-0021-0323,PROMO-0021
PROMO-0048-0324,PROMO-0048
PROMO-0020-0325,PROMO-0020
PROMO-0008-0326,PROMO-0008
PROMO-0007-0327,PROMO-0007
PROMO-0003-0328,PROMO-0003
PROMO-0017-0329,PROMO-0017
PROMO-0033-0330,PROMO-0033
PROMO-0048-0331,PROMO-0048
PROMO-0012-0332,PROMO-0012
PROMO-0022-0333,PROMO-0022
PROMO-0022-0334,PROMO-0022
PROMO-0046-0335,PROMO-0046
PROMO-0030-0336,PROMO-0030
PROMO-0038-0337,PROMO-0038
PROMO-0038-0338,PROMO-0038
PROMO-0045-0339,PROMO-0045
PROMO-0008-0340,PROMO-0008
PROMO-0027-0341,PROMO-0027
PROMO-0027-0342,PROMO-0027
PROMO-0034-0343,PROMO-0034
PROMO-0021-0344,PROMO-0021
PROMO-0030-0345,PROMO-0030
PROMO-0033-0346,PROMO-0033
PROMO-0028-0347,PROMO-0028
PROMO-0047-0348,PROMO-0047
PROMO-0033-0349,PROMO-0033
PROMO-0005-0350,PROMO-0005
PROMO-0048-0351,PROMO-0048
PROMO-0019-0352,PROMO-0019
PROMO-0004-0353,PROMO-0004
PROMO-0035-0354,PROMO-0035
PROMO-0049-0355,PROMO-0049
PROMO-0017-0356,PROMO-0017
PROMO-0044-0357,PROMO-0044
PROMO-0028-0358,PROMO-0028
PROMO-0030-0359,PROMO-0030
PROMO-0029-0360,PROMO-0029
PROMO-0046-0361,PROMO-0046
PROMO-0006-0362,PROMO-0006
PROMO-0035-0363,PROMO-0035
PROMO-0041-0364,PROMO-0041
PROMO-0037-0365,PROMO-0037
PROMO-0024-0366,PROMO-0024
PROMO-0029-0367,PROMO-0029
PROMO-0049-0368,PROMO-0049
PROMO-0046-0369,PROMO-0046
PROMO-0031-0370,PROMO-0031
PROMO-0035-0371,PROMO-0035
PROMO-0033-0372,PROMO-0033
PROMO-0021-0373,PROMO-0021
PROMO-0032-0374,PROMO-0032
PROMO-0023-0375,PROMO-0023
PROMO-0033-0376,PROMO-0033
PROMO-0003-0377,PROMO-0003
PROMO-0018-0378,PROMO-0018
PROMO-0025-0379,PROMO-0025
PROMO-0042-0380,PROMO-0042
PROMO-0031-0381,PROMO-0031
PROMO-0003-0382,PROMO-0003
PROMO-0040-0383,PROMO-0040
PROMO-0046-0384,PROMO-0046
PROMO-0024-0385,PROMO-0024
PROMO-0050-0386,PROMO-0050
PROMO-0032-0387,PROMO-0032
PROMO-0047-0388,PROMO-0047
PROMO-0022-0389,PROMO-0022
PROMO-0023-0390,PROMO-0023
PROMO-0002-0391,PROMO-0002
PROMO-0027-0392,PROMO-0027
PROMO-0042-0393,PROMO-0042
PROMO-0002-0394,PROMO-0002
PROMO-0026-0395,PROMO-0026
PROMO-0017-0396,PROMO-0017
PROMO-0040-0397,PROMO-0040
PROMO-0033-0398,PROMO-0033
PROMO-0009-0399,PROMO-0009
PROMO-0043-0400,PROMO-0043
PROMO-0048-0401,PROMO-0048
PROMO-0039-0402,PROMO-0039
PROMO-0029-0403,PROMO-0029
PROMO-0042-0404,PROMO-0042
PROMO-0026-0405,PROMO-0026
PROMO-0035-0406,PROMO-0035
PROMO-0050-0407,PROMO-0050
PROMO-0025-0408,PROMO-0025
PROMO-0024-0409,PROMO-0024
PROMO-0013-0410,PROMO-0013
PROMO-0007-0411,PROMO-0007
PROMO-0036-0412,PROMO-0036
PROMO-0045-0413,PROMO-0045
PROMO-0020-0414,PROMO-0020
PROMO-0001-0415,PROMO-0001
PROMO-0008-0416,PROMO-0008
PROMO-0046-0417,PROMO-0046
PROMO-0016-0418,PROMO-0016
PROMO-0014-0419,PROMO-0014
PROMO-0012-0420,PROMO-0012
PROMO-0023-0421,PROMO-0023
PROMO-0015-0422,PROMO-0015
PROMO-0028-0423,PROMO-0028
PROMO-0034-0424,PROMO-0034
PROMO-0002-0425,PROMO-0002
PROMO-0032-0426,PROMO-0032
PROMO-0023-0427,PROMO-0023
PROMO-0022-0428,PROMO-0022
PROMO-0025-0429,PROMO-0025
PROMO-0022-0430,PROMO-0022
PROMO-0022-0431,PROMO-0022
PROMO-0049-0432,PROMO-0049
PROMO-0042-0433,PROMO-0042
PROMO-0006-0434,PROMO-0006
PROMO-0015-0435,PROMO-0015
PROMO-0043-0436,PROMO-0043
PROMO-0037-0437,PROMO-0037
PROMO-0033-0438,PROMO-0033
PROMO-0008-0439,PROMO-0008
PROMO-0044-0440,PROMO-0044
PROMO-0044-0441,PROMO-0044
PROMO-0005-0442,PROMO-0005
PROMO-0039-0443,PROMO-0039
PROMO-0004-0444,PROMO-0004
PROMO-0006-0445,PROMO-0006
PROMO-0045-0446,PROMO-0045
PROMO-0032-0447,PROMO-0032
PROMO-0030-0448,PROMO-0030
PROMO-0047-0449,PROMO-0047
PROMO-0035-0450,PROMO-0035
PROMO-0040-0451,PROMO-0040
PROMO-0016-0452,PROMO-0016
PROMO-0013-0453,PROMO-0013
PROMO-0050-0454,PROMO-0050
PROMO-0042-0455,PROMO-0042
PROMO-0030-0456,PROMO-0030
PROMO-0019-0457,PROMO-0019
PROMO-0017-0458,PROMO-0017
PROMO-0019-0459,PROMO-0019
PROMO-0028-0460,PROMO-0028
PROMO-0026-0461,PROMO-0026
PROMO-0037-0462,PROMO-0037
PROMO-0026-0463,PROMO-0026
PROMO-0023-0464,PROMO-0023
PROMO-0009-0465,PROMO-0009
PROMO-0012-0466,PROMO-0012
PROMO-0001-0467,PROMO-0001
PROMO-0001-0468,PROMO-0001
PROMO-0047-0469,PROMO-0047
PROMO-0034-0470,PROMO-0034
PROMO-0032-0471,PROMO-0032
PROMO-0048-0472,PROMO-0048
PROMO-0025-0473,PROMO-0025
PROMO-0040-0474,PROMO-0040
PROMO-0045-0475,PROMO-0045
PROMO-0001-0476,PROMO-0001
PROMO-0016-0477,PROMO-0016
PROMO-0039-0478,PROMO-0039
PROMO-0005-0479,PROMO-0005
PROMO-0022-0480,PROMO-0022
PROMO-0029-0481,PROMO-0029
PROMO-0003-0482,PROMO-0003
PROMO-0012-0483,PROMO-0012
PROMO-0026-0484,PROMO-0026
PROMO-0016-0485,PROMO-0016
PROMO-0037-0486,PROMO-0037
PROMO-0022-0487,PROMO-0022
PROMO-0029-0488,PROMO-0029
PROMO-0014-0489,PROMO-0014
PROMO-0028-0490,PROMO-0028
PROMO-0005-0491,PROMO-0005
PROMO-0047-0492,PROMO-0047
PROMO-0049-0493,PROMO-0049
PROMO-0030-0494,PROMO-0030
PROMO-0046-0495,PROMO-0046
PROMO-0005-0496,PROMO-0005
PROMO-0012-0497,PROMO-0012
PROMO-0016-0498,PROMO-0016
PROMO-0026-0499,PROMO-0026
PROMO-0026-0500,PROMO-0026
PROMO-0048-0501,PROMO-0048
PROMO-0021-0502,PROMO-0021
PROMO-0039-0503,PROMO-0039
PROMO-0036-0504,PROMO-0036
PROMO-0033-0505,PROMO-0033
PROMO-0030-0506,PROMO-0030
PROMO-0037-0507,PROMO-0037
PROMO-0023-0508,PROMO-0023
PROMO-0010-0509,PROMO-0010
PROMO-0005-0510,PROMO-0005
PROMO-0036-0511,PROMO-0036
PROMO-0034-0512,PROMO-0034
PROMO-0031-0513,PROMO-0031
PROMO-0010-0514,PROMO-0010
PROMO-0019-0515,PROMO-0019
PROMO-0032-0516,PROMO-0032
PROMO-0001-0517,PROMO-0001
PROMO-0005-0518,PROMO-0005
PROMO-0045-0519,PROMO-0045
PROMO-0004-0520,PROMO-0004
PROMO-0016-0521,PROMO-0016
PROMO-0024-0522,PROMO-0024
PROMO-0016-0523,PROMO-0016
PROMO-0002-0524,PROMO-0002
PROMO-0049-0525,PROMO-0049
PROMO-0028-0526,PROMO-0028
PROMO-0032-0527,PROMO-0032
PROMO-0027-0528,PROMO-0027
PROMO-0020-0529,PROMO-0020
PROMO-0024-0530,PROMO-0024
PROMO-0012-0531,PROMO-0012
PROMO-0050-0532,PROMO-0050
PROMO-0035-0533,PROMO-0035
PROMO-0033-0534,PROMO-0033
PROMO-0033-0535,PROMO-0033
PROMO-0043-0536,PROMO-0043
PROMO-0037-0537,PROMO-0037
PROMO-0012-0538,PROMO-0012
PROMO-0003-0539,PROMO-0003
PROMO-0001-0540,PROMO-0001
PROMO-0033-0541,PROMO-0033
PROMO-0040-0542,PROMO-0040
PROMO-0010-0543,PROMO-0010
PROMO-0043-0544,PROMO-0043
PROMO-0044-0545,PROMO-0044
PROMO-0029-0546,PROMO-0029
PROMO-0013-0547,PROMO-0013
PROMO-0012-0548,PROMO-0012
PROMO-0031-0549,PROMO-0031
PROMO-0046-0550,PROMO-0046
PROMO-0002-0551,PROMO-0002
PROMO-0050-0552,PROMO-0050
PROMO-0035-0553,PROMO-0035
PROMO-0023-0554,PROMO-0023
PROMO-0017-0555,PROMO-0017
PROMO-0026-0556,PROMO-0026
PROMO-0008-0557,PROMO-0008
PROMO-0029-0558,PROMO-0029
PROMO-0026-0559,PROMO-0026
PROMO-0010-0560,PROMO-0010
PROMO-0026-0561,PROMO-0026
PROMO-0034-0562,PROMO-0034
PROMO-0041-0563,PROMO-0041
PROMO-0007-0564,PROMO-0007
PROMO-0004-0565,PROMO-0004
PROMO-0050-0566,PROMO-0050
PROMO-0045-0567,PROMO-0045
PROMO-0011-0568,PROMO-0011
PROMO-0029-0569,PROMO-0029
PROMO-0036-0570,PROMO-0036
PROMO-0025-0571,PROMO-0025
PROMO-0021-0572,PROMO-0021
PROMO-0036-0573,PROMO-0036
PROMO-0010-0574,PROMO-0010
PROMO-0037-0575,PROMO-0037
PROMO-0009-0576,PROMO-0009
PROMO-0024-0577,PROMO-0024
PROMO-0035-0578,PROMO-0035
PROMO-0049-0579,PROMO-0049
PROMO-0035-0580,PROMO-0035
PROMO-0048-0581,PROMO-0048
PROMO-0036-0582,PROMO-0036
PROMO-0018-0583,PROMO-0018
PROMO-0049-0584,PROMO-0049
PROMO-0039-0585,PROMO-0039
PROMO-0032-0586,PROMO-0032
PROMO-0024-0587,PROMO-0024
PROMO-0023-0588,PROMO-0023
PROMO-0032-0589,PROMO-0032
PROMO-0037-0590,PROMO-0037
PROMO-0012-0591,PROMO-0012
PROMO-0049-0592,PROMO-0049
PROMO-0013-0593,PROMO-0013
PROMO-0023-0594,PROMO-0023
PROMO-0025-0595,PROMO-0025
PROMO-0035-0596,PROMO-0035
PROMO-0041-0597,PROMO-0041
PROMO-0030-0598,PROMO-0030
PROMO-0017-0599,PROMO-0017
PROMO-0049-0600,PROMO-0049
PROMO-0020-0601,PROMO-0020
PROMO-0048-0602,PROMO-0048
PROMO-0025-0603,PROMO-0025
PROMO-0022-0604,PROMO-0022
PROMO-0013-0605,PROMO-0013
PROMO-0019-0606,PROMO-0019
PROMO-0049-0607,PROMO-0049
PROMO-0036-0608,PROMO-0036
PROMO-0012-0609,PROMO-0012
PROMO-0041-0610,PROMO-0041
PROMO-0019-0611,PROMO-0019
PROMO-0012-0612,PROMO-0012
PROMO-0009-0613,PROMO-0009
PROMO-0007-0614,PROMO-0007
PROMO-0028-0615,PROMO-0028
PROMO-0014-0616,PROMO-0014
PROMO-0031-0617,PROMO-0031
PROMO-0019-0618,PROMO-0019
PROMO-0047-0619,PROMO-0047
PROMO-0016-0620,PROMO-0016
PROMO-0005-0621,PROMO-0005
PROMO-0035-0622,PROMO-0035
PROMO-0012-0623,PROMO-0012
PROMO-0025-0624,PROMO-0025
PROMO-0021-0625,PROMO-0021
PROMO-0036-0626,PROMO-0036
PROMO-0023-0627,PROMO-0023
PROMO-0016-0628,PROMO-0016
PROMO-0039-0629,PROMO-0039
PROMO-0045-0630,PROMO-0045
PROMO-0042-0631,PROMO-0042
PROMO-0039-0632,PROMO-0039
PROMO-0014-0633,PROMO-0014
PROMO-0031-0634,PROMO-0031
PROMO-0005-0635,PROMO-0005
PROMO-0035-0636,PROMO-0035
PROMO-0023-0637,PROMO-0023
PROMO-0029-0638,PROMO-0029
PROMO-0043-0639,PROMO-0043
PROMO-0011-0640,PROMO-0011
PROMO-0018-0641,PROMO-0018
PROMO-0047-0642,PROMO-0047
PROMO-0012-0643,PROMO-0012
PROMO-0009-0644,PROMO-0009
PROMO-0010-0645,PROMO-0010
PROMO-0044-0646,PROMO-0044
PROMO-0017-0647,PROMO-0017
PROMO-0038-0648,PROMO-0038
PROMO-0007-0649,PROMO-0007
PROMO-0046-0650,PROMO-0046
PROMO-0013-0651,PROMO-0013
PROMO-0040-0652,PROMO-0040
PROMO-0042-0653,PROMO-0042
PROMO-0009-0654,PROMO-0009
PROMO-0050-0655,PROMO-0050
PROMO-0027-0656,PROMO-0027
PROMO-0002-0657,PROMO-0002
PROMO-0005-0658,PROMO-0005
PROMO-0029-0659,PROMO-0029
PROMO-0037-0660,PROMO-0037
PROMO-0038-0661,PROMO-0038
PROMO-0019-0662,PROMO-0019
PROMO-0008-0663,PROMO-0008
PROMO-0048-0664,PROMO-0048
PROMO-0045-0665,PROMO-0045
PROMO-0001-0666,PROMO-0001
PROMO-0022-0667,PROMO-0022
PROMO-0017-0668,PROMO-0017
PROMO-0007-0669,PROMO-0007
PROMO-0025-0670,PROMO-0025
PROMO-0045-0671,PROMO-0045
PROMO-0004-0672,PROMO-0004
PROMO-0036-0673,PROMO-0036
PROMO-0006-0674,PROMO-0006
PROMO-0031-0675,PROMO-0031
PROMO-0019-0676,PROMO-0019
PROMO-0044-0677,PROMO-0044
PROMO-0039-0678,PROMO-0039
PROMO-0027-0679,PROMO-0027
PROMO-0010-0680,PROMO-0010
PROMO-0026-0681,PROMO-0026
PROMO-0019-0682,PROMO-0019
PROMO-0039-0683,PROMO-0039
PROMO-0003-0684,PROMO-0003
PROMO-0045-0685,PROMO-0045
PROMO-0013-0686,PROMO-0013
PROMO-0050-0687,PROMO-0050
PROMO-0028-0688,PROMO-0028
PROMO-0020-0689,PROMO-0020
PROMO-0028-0690,PROMO-0028
PROMO-0008-0691,PROMO-0008
PROMO-0041-0692,PROMO-0041
PROMO-0039-0693,PROMO-0039
PROMO-0001-0694,PROMO-0001
PROMO-0003-0695,PROMO-0003
PROMO-0013-0696,PROMO-0013
PROMO-0028-0697,PROMO-0028
PROMO-0049-0698,PROMO-0049
PROMO-0025-0699,PROMO-0025
PROMO-0033-0700,PROMO-0033
PROMO-0038-0701,PROMO-0038
PROMO-0006-0702,PROMO-0006
PROMO-0044-0703,PROMO-0044
PROMO-0045-0704,PROMO-0045
PROMO-0032-0705,PROMO-0032
PROMO-0045-0706,PROMO-0045
PROMO-0047-0707,PROMO-0047
PROMO-0021-0708,PROMO-0021
PROMO-0016-0709,PROMO-0016
PROMO-0021-0710,PROMO-0021
PROMO-0011-0711,PROMO-0011
PROMO-0037-0712,PROMO-0037
PROMO-0036-0713,PROMO-0036
PROMO-0035-0714,PROMO-0035
PROMO-0019-0715,PROMO-0019
PROMO-0020-0716,PROMO-0020
PROMO-0018-0717,PROMO-0018
PROMO-0047-0718,PROMO-0047
PROMO-0041-0719,PROMO-0041
PROMO-0049-0720,PROMO-0049
PROMO-0014-0721,PROMO-0014
PROMO-0015-0722,PROMO-0015
PROMO-0031-0723,PROMO-0031
PROMO-0001-0724,PROMO-0001
PROMO-0003-0725,PROMO-0003
PROMO-0016-0726,PROMO-0016
PROMO-0023-0727,PROMO-0023
PROMO-0011-0728,PROMO-0011
PROMO-0012-0729,PROMO-0012
PROMO-0010-0730,PROMO-0010
PROMO-0032-0731,PROMO-0032
PROMO-0016-0732,PROMO-0016
PROMO-0008-0733,PROMO-0008
PROMO-0038-0734,PROMO-0038
PROMO-0012-0735,PROMO-0012
PROMO-0024-0736,PROMO-0024
PROMO-0028-0737,PROMO-0028
PROMO-0008-0738,PROMO-0008
PROMO-0028-0739,PROMO-0028
PROMO-0036-0740,PROMO-0036
PROMO-0026-0741,PROMO-0026
PROMO-0008-0742,PROMO-0008
PROMO-0050-0743,PROMO-0050
PROMO-0028-0744,PROMO-0028
PROMO-0028-0745,PROMO-0028
PROMO-0037-0746,PROMO-0037
PROMO-0041-0747,PROMO-0041
PROMO-0036-0748,PROMO-0036
PROMO-0027-0749,PROMO-0027
PROMO-0017-0750,PROMO-0017
PROMO-0009-0751,PROMO-0009
PROMO-0033-0752,PROMO-0033
PROMO-0020-0753,PROMO-0020
PROMO-0013-0754,PROMO-0013
PROMO-0028-0755,PROMO-0028
PROMO-0048-0756,PROMO-0048
PROMO-0029-0757,PROMO-0029
PROMO-0013-0758,PROMO-0013
PROMO-0046-0759,PROMO-0046
PROMO-0035-0760,PROMO-0035
PROMO-0006-0761,PROMO-0006
PROMO-0018-0762,PROMO-0018
PROMO-0005-0763,PROMO-0005
PROMO-0047-0764,PROMO-0047
PROMO-0025-0765,PROMO-0025
PROMO-0002-0766,PROMO-0002
PROMO-0010-0767,PROMO-0010
PROMO-0030-0768,PROMO-0030
PROMO-0050-0769,PROMO-0050
PROMO-0045-0770,PROMO-0045
PROMO-0005-0771,PROMO-0005
PROMO-0033-0772,PROMO-0033
PROMO-0001-0773,PROMO-0001
PROMO-0018-0774,PROMO-0018
PROMO-0032-0775,PROMO-0032
PROMO-0047-0776,PROMO-0047
PROMO-0049-0777,PROMO-0049
PROMO-0011-0778,PROMO-0011
PROMO-0021-0779,PROMO-0021
PROMO-0026-0780,PROMO-0026
PROMO-0025-0781,PROMO-0025
PROMO-0022-0782,PROMO-0022
PROMO-0027-0783,PROMO-0027
PROMO-0049-0784,PROMO-0049
PROMO-0013-0785,PROMO-0013
PROMO-0033-0786,PROMO-0033
PROMO-0034-0787,PROMO-0034
PROMO-0041-0788,PROMO-0041
PROMO-0035-0789,PROMO-0035
PROMO-0001-0790,PROMO-0001
PROMO-0021-0791,PROMO-0021
PROMO-0048-0792,PROMO-0048
PROMO-0006-0793,PROMO-0006
PROMO-0028-0794,PROMO-0028
PROMO-0017-0795,PROMO-0017
PROMO-0005-0796,PROMO-0005
PROMO-0031-0797,PROMO-0031
PROMO-0005-0798,PROMO-0005
PROMO-0038-0799,PROMO-0038
PROMO-0003-0800,PROMO-0003
PROMO-0023-0801,PROMO-0023
PROMO-0037-0802,PROMO-0037
PROMO-0037-0803,PROMO-0037
PROMO-0010-0804,PROMO-0010
PROMO-0010-0805,PROMO-0010
PROMO-0019-0806,PROMO-0019
PROMO-0017-0807,PROMO-0017
PROMO-0021-0808,PROMO-0021
PROMO-0014-0809,PROMO-0014
PROMO-0009-0810,PROMO-0009
PROMO-0046-0811,PROMO-0046
PROMO-0001-0812,PROMO-0001
PROMO-0045-0813,PROMO-0045
PROMO-0013-0814,PROMO-0013
PROMO-0004-0815,PROMO-0004
PROMO-0001-0816,PROMO-0001
PROMO-0049-0817,PROMO-0049
PROMO-0040-0818,PROMO-0040
PROMO-0032-0819,PROMO-0032
PROMO-0034-0820,PROMO-0034
PROMO-0028-0821,PROMO-0028
PROMO-0031-0822,PROMO-0031
PROMO-0008-0823,PROMO-0008
PROMO-0039-0824,PROMO-0039
PROMO-0026-0825,PROMO-0026
PROMO-0034-0826,PROMO-0034
PROMO-0003-0827,PROMO-0003
PROMO-0050-0828,PROMO-0050
PROMO-0012-0829,PROMO-0012
PROMO-0001-0830,PROMO-0001
PROMO-0044-0831,PROMO-0044
PROMO-0005-0832,PROMO-0005
PROMO-0030-0833,PROMO-0030
PROMO-0030-0834,PROMO-0030
PROMO-0017-0835,PROMO-0017
PROMO-0048-0836,PROMO-0048
PROMO-0047-0837,PROMO-0047
PROMO-0023-0838,PROMO-0023
PROMO-0015-0839,PROMO-0015
PROMO-0037-0840,PROMO-0037
PROMO-0021-0841,PROMO-0021
PROMO-0014-0842,PROMO-0014
PROMO-0002-0843,PROMO-0002
PROMO-0011-0844,PROMO-0011
PROMO-0039-0845,PROMO-0039
PROMO-0038-0846,PROMO-0038
PROMO-0034-0847,PROMO-0034
PROMO-0038-0848,PROMO-0038
PROMO-0050-0849,PROMO-0050
PROMO-0034-0850,PROMO-0034
PROMO-0018-0851,PROMO-0018
PROMO-0030-0852,PROMO-0030
PROMO-0015-0853,PROMO-0015
PROMO-0027-0854,PROMO-0027
PROMO-0034-0855,PROMO-0034
PROMO-0038-0856,PROMO-0038
PROMO-0033-0857,PROMO-0033
PROMO-0024-0858,PROMO-0024
PROMO-0015-0859,PROMO-0015
PROMO-0030-0860,PROMO-0030
PROMO-0042-0861,PROMO-0042
PROMO-0017-0862,PROMO-0017
PROMO-0005-0863,PROMO-0005
PROMO-0029-0864,PROMO-0029
PROMO-0004-0865,PROMO-0004
PROMO-0010-0866,PROMO-0010
PROMO-0017-0867,PROMO-0017
PROMO-0010-0868,PROMO-0010
PROMO-0017-0869,PROMO-0017
PROMO-0020-0870,PROMO-0020
PROMO-0024-0871,PROMO-0024
PROMO-0005-0872,PROMO-0005
PROMO-0034-0873,PROMO-0034
PROMO-0006-0874,PROMO-0006
PROMO-0002-0875,PROMO-0002
PROMO-0013-0876,PROMO-0013
PROMO-0043-0877,PROMO-0043
PROMO-0043-0878,PROMO-0043
PROMO-0048-0879,PROMO-0048
PROMO-0011-0880,PROMO-0011
PROMO-0047-0881,PROMO-0047
PROMO-0023-0882,PROMO-0023
PROMO-0016-0883,PROMO-0016
PROMO-0031-0884,PROMO-0031
PROMO-0011-0885,PROMO-0011
PROMO-0016-0886,PROMO-0016
PROMO-0008-0887,PROMO-0008
PROMO-0004-0888,PROMO-0004
PROMO-0040-0889,PROMO-0040
PROMO-0004-0890,PROMO-0004
PROMO-0025-0891,PROMO-0025
PROMO-0003-0892,PROMO-0003
PROMO-0032-0893,PROMO-0032
PROMO-0003-0894,PROMO-0003
PROMO-0027-0895,PROMO-0027
PROMO-0029-0896,PROMO-0029
PROMO-0032-0897,PROMO-0032
PROMO-0050-0898,PROMO-0050
PROMO-0019-0899,PROMO-0019
PROMO-0021-0900,PROMO-0021
PROMO-0005-0901,PROMO-0005
PROMO-0018-0902,PROMO-0018
PROMO-0028-0903,PROMO-0028
PROMO-0042-0904,PROMO-0042
PROMO-0022-0905,PROMO-0022
PROMO-0021-0906,PROMO-0021
PROMO-0006-0907,PROMO-0006
PROMO-0001-0908,PROMO-0001
PROMO-0005-0909,PROMO-0005
PROMO-0041-0910,PROMO-0041
PROMO-0012-0911,PROMO-0012
PROMO-0026-0912,PROMO-0026
PROMO-0046-0913,PROMO-0046
PROMO-0034-0914,PROMO-0034
PROMO-0049-0915,PROMO-0049
PROMO-0014-0916,PROMO-0014
PROMO-0026-0917,PROMO-0026
PROMO-0045-0918,PROMO-0045
PROMO-0027-0919,PROMO-0027
PROMO-0009-0920,PROMO-0009
PROMO-0026-0921,PROMO-0026
PROMO-0047-0922,PROMO-0047
PROMO-0022-0923,PROMO-0022
PROMO-0047-0924,PROMO-0047
PROMO-0030-0925,PROMO-0030
PROMO-0043-0926,PROMO-0043
PROMO-0048-0927,PROMO-0048
PROMO-0017-0928,PROMO-0017
PROMO-0026-0929,PROMO-0026
PROMO-0036-0930,PROMO-0036
PROMO-0001-0931,PROMO-0001
PROMO-0008-0932,PROMO-0008
PROMO-0049-0933,PROMO-0049
PROMO-0035-0934,PROMO-0035
PROMO-0015-0935,PROMO-0015
PROMO-0047-0936,PROMO-0047
PROMO-0022-0937,PROMO-0022
PROMO-0014-0938,PROMO-0014
PROMO-0026-0939,PROMO-0026
PROMO-0028-0940,PROMO-0028
PROMO-0023-0941,PROMO-0023
PROMO-0014-0942,PROMO-0014
PROMO-0024-0943,PROMO-0024
PROMO-0002-0944,PROMO-0002
PROMO-0045-0945,PROMO-0045
PROMO-0026-0946,PROMO-0026
PROMO-0014-0947,PROMO-0014
PROMO-0007-0948,PROMO-0007
PROMO-0003-0949,PROMO-0003
PROMO-0047-0950,PROMO-0047
PROMO-0023-0951,PROMO-0023
PROMO-0046-0952,PROMO-0046
PROMO-0043-0953,PROMO-0043
PROMO-0047-0954,PROMO-0047
PROMO-0045-0955,PROMO-0045
PROMO-0018-0956,PROMO-0018
PROMO-0038-0957,PROMO-0038
PROMO-0035-0958,PROMO-0035
PROMO-0015-0959,PROMO-0015
PROMO-0025-0960,PROMO-0025
PROMO-0037-0961,PROMO-0037
PROMO-0028-0962,PROMO-0028
PROMO-0010-0963,PROMO-0010
PROMO-0039-0964,PROMO-0039
PROMO-0017-0965,PROMO-0017
PROMO-0039-0966,PROMO-0039
PROMO-0022-0967,PROMO-0022
PROMO-0026-0968,PROMO-0026
PROMO-0044-0969,PROMO-0044
PROMO-0025-0970,PROMO-0025
PROMO-0017-0971,PROMO-0017
PROMO-0013-0972,PROMO-0013
PROMO-0020-0973,PROMO-0020
PROMO-0025-0974,PROMO-0025
PROMO-0004-0975,PROMO-0004
PROMO-0010-0976,PROMO-0010
PROMO-0003-0977,PROMO-0003
PROMO-0041-0978,PROMO-0041
PROMO-0045-0979,PROMO-0045
PROMO-0018-0980,PROMO-0018
PROMO-0047-0981,PROMO-0047
PROMO-0036-0982,PROMO-0036
PROMO-0047-0983,PROMO-0047
PROMO-0022-0984,PROMO-0022
PROMO-0034-0985,PROMO-0034
PROMO-0047-0986,PROMO-0047
PROMO-0008-0987,PROMO-0008
PROMO-0040-0988,PROMO-0040
PROMO-0049-0989,PROMO-0049
PROMO-0044-0990,PROMO-0044
PROMO-0019-0991,PROMO-0019
PROMO-0042-0992,PROMO-0042
PROMO-0041-0993,PROMO-0041
PROMO-0037-0994,PROMO-0037
PROMO-0006-0995,PROMO-0006
PROMO-0026-0996,PROMO-0026
PROMO-0034-0997,PROMO-0034
PROMO-0045-0998,PROMO-0045
PROMO-0006-0999,PROMO-0006
PROMO-0037-1000,PROMO-0037
